image_name,v,w
1.png,5,-1.38
2.png,5,-1.29375
3.png,5,-1.29375
4.png,5,-1.29375
5.png,5,-1.29375
6.png,5,-1.29375
7.png,5,-1.29375
8.png,5,-1.29375
9.png,5,-1.29375
10.png,5,-1.29375
11.png,5,-1.29375
12.png,5,-1.29375
13.png,5,-1.29375
14.png,5,-1.29375
15.png,5,-1.29375
16.png,5,-1.29375
17.png,5,-1.29375
18.png,5,-1.29375
19.png,5,-1.29375
20.png,5,-1.8977499999999998
21.png,-0.6,-1
22.png,-0.6,-1
23.png,-0.6,-1
24.png,-0.6,-1
25.png,-0.6,-1
26.png,-0.6,-1
27.png,-0.6,-1
28.png,-0.6,-1
29.png,-0.6,-1
30.png,-0.6,-1
31.png,-0.6,-1
32.png,-0.6,-1
33.png,-0.6,-1
34.png,-0.6,-1
35.png,-0.6,-1
36.png,-0.6,-1
37.png,-0.6,-1
38.png,-0.6,-1
39.png,-0.6,-1
40.png,-0.6,-1
41.png,-0.6,-1
42.png,-0.6,-1
43.png,-0.6,-1
44.png,-0.6,-1
45.png,-0.6,-1
46.png,-0.6,-1
47.png,-0.6,-1
48.png,-0.6,-1
49.png,-0.6,-1
50.png,-0.6,-1
51.png,-0.6,-1
52.png,-0.6,-1
53.png,-0.6,-1
54.png,-0.6,-1
55.png,-0.6,-1
56.png,-0.6,-1
57.png,-0.6,-1
58.png,-0.6,-1
59.png,-0.6,-1
60.png,-0.6,-1
61.png,-0.6,-1
62.png,-0.6,-1
63.png,-0.6,-1
64.png,-0.6,-1
65.png,-0.6,-1
66.png,-0.6,-1
67.png,5,-2.0949999999999998
68.png,5,-2.0604999999999998
69.png,5,-1.9869999999999999
70.png,5,-1.9922499999999999
71.png,5,-1.91875
72.png,5,-1.924
73.png,5,-1.8995
74.png,5,-1.9012499999999999
75.png,5,-1.86275
76.png,5,-1.8655
77.png,5,-1.7814999999999999
78.png,5,-1.7874999999999999
79.png,5,-1.6684999999999999
80.png,5,-1.6769999999999998
81.png,5,-1.5405
82.png,5,-1.55025
83.png,5,-1.37875
84.png,5,-1.391
85.png,5,-1.4089999999999998
86.png,5,-1.42125
87.png,5,-1.18925
88.png,5,-1.2037499999999999
89.png,5,-0.8422499999999999
90.png,5,-0.861
91.png,5,-0.861
92.png,5,-0.5705
93.png,5,-0.5925
94.png,5,-0.2325
95.png,5,-0.255
96.png,5,-0.255
97.png,5,0.14025
98.png,5,0.116
99.png,5,0.116
100.png,5,0.599
101.png,5,0.575
102.png,5,0.9726999999999999
103.png,5,0.9521999999999999
104.png,5,1.18105
105.png,5,1.1658
106.png,5,1.276
107.png,5,1.264
108.png,5,1.289
109.png,5,1.2825
110.png,5,1.3185
111.png,5,1.31625
112.png,5,1.31625
113.png,5,1.3002500000000001
114.png,5,1.30125
115.png,5,1.23325
116.png,5,1.2375
117.png,5,1.1335
118.png,5,1.14
119.png,5,1.004
120.png,5,1.0125
121.png,5,0.8445
122.png,5,0.855
123.png,5,0.6789999999999999
124.png,5,0.69
125.png,5,0.5660000000000001
126.png,5,0.5760000000000001
127.png,5,0.5760000000000001
128.png,5,0.423
129.png,5,0.432
130.png,5,0.30025
131.png,5,0.308
132.png,5,0.23374999999999999
133.png,5,0.23925
134.png,5,0.156
135.png,5,0.161
136.png,5,0.1114
137.png,5,0.115
138.png,5,0.09910000000000001
139.png,5,0.1
140.png,13,0.0717
141.png,13,0.0702
142.png,13,0.11445000000000001
143.png,13,0.1107
144.png,13,0.1107
145.png,13,0.17855000000000001
146.png,13,0.1728
147.png,13,0.1728
148.png,5,0.6969500000000001
149.png,5,0.6762
150.png,5,1.29775
151.png,5,1.256
152.png,5,1.256
153.png,5,1.6135
154.png,5,1.58625
155.png,5,1.58625
156.png,5,1.64225
157.png,5,1.63875
158.png,5,1.63875
159.png,5,1.55875
160.png,5,1.56375
161.png,5,1.56375
162.png,5,1.39575
163.png,5,1.40625
164.png,5,1.40625
165.png,5,1.19425
166.png,5,1.2075
167.png,5,0.9714999999999999
168.png,5,0.98625
169.png,5,0.74225
170.png,5,0.7575
171.png,5,0.59975
172.png,5,0.612
173.png,5,0.5015000000000001
174.png,5,0.508
175.png,5,0.508
176.png,5,0.50375
177.png,5,0.504
178.png,5,0.5635
179.png,5,0.56
180.png,5,0.56
181.png,5,0.6535
182.png,5,0.648
183.png,5,0.648
184.png,5,0.7755
185.png,5,0.768
186.png,5,0.9295
187.png,5,0.92
188.png,9,0.6849999999999999
189.png,9,0.67375
190.png,5,1.25525
191.png,5,1.24125
192.png,5,1.54125
193.png,5,1.5225
194.png,5,1.5225
195.png,5,1.7115
196.png,5,1.6835
197.png,5,1.9075
198.png,5,1.8915
199.png,5,1.8915
200.png,5,1.923
201.png,5,1.92075
202.png,5,1.92075
203.png,5,1.8997499999999998
204.png,5,1.9012499999999999
205.png,5,1.75775
206.png,5,1.768
207.png,5,1.488
208.png,5,1.508
209.png,5,1.2415
210.png,5,1.2670000000000001
211.png,5,0.83575
212.png,5,0.8645
213.png,5,0.392
214.png,5,0.4235
215.png,5,0.4235
216.png,5,-0.06625
217.png,5,-0.03375
218.png,5,-0.5545
