frame,image_name,v_csv,w_csv,vnorm_csv,wnorm_csv,raw_v_esperado,raw_w_esperado,out0_raw,out1_raw,v_finn,w_finn,error_v,error_w
1,1.png,5,-0.2254,0.411765,0.464126,105,118,128,15,6.22667,-2.77199,1.22667,-2.54659
2,2.png,5,-0.21315,0.411765,0.466076,105,119,128,15,6.22667,-2.77199,1.22667,-2.55884
3,3.png,5,-0.21315,0.411765,0.466076,105,119,128,15,6.22667,-2.77199,1.22667,-2.55884
4,4.png,5,-0.21315,0.411765,0.466076,105,119,128,15,6.22667,-2.77199,1.22667,-2.55884
5,5.png,5,-0.21315,0.411765,0.466076,105,119,128,15,6.22667,-2.77199,1.22667,-2.55884
6,6.png,5,-0.21315,0.411765,0.466076,105,119,128,15,6.22667,-2.77199,1.22667,-2.55884
7,7.png,5,-0.21315,0.411765,0.466076,105,119,128,15,6.22667,-2.77199,1.22667,-2.55884
8,8.png,5,-0.21315,0.411765,0.466076,105,119,128,15,6.22667,-2.77199,1.22667,-2.55884
9,9.png,5,-0.21315,0.411765,0.466076,105,119,128,15,6.22667,-2.77199,1.22667,-2.55884
10,10.png,5,-0.21315,0.411765,0.466076,105,119,128,15,6.22667,-2.77199,1.22667,-2.55884
11,11.png,5,-0.21315,0.411765,0.466076,105,119,128,15,6.22667,-2.77199,1.22667,-2.55884
12,12.png,5,-0.21315,0.411765,0.466076,105,119,128,15,6.22667,-2.77199,1.22667,-2.55884
13,13.png,5,-0.21315,0.411765,0.466076,105,119,128,15,6.22667,-2.77199,1.22667,-2.55884
14,14.png,5,-0.21315,0.411765,0.466076,105,119,128,15,6.22667,-2.77199,1.22667,-2.55884
15,15.png,5,-0.21315,0.411765,0.466076,105,119,128,15,6.22667,-2.77199,1.22667,-2.55884
16,16.png,5,-0.21315,0.411765,0.466076,105,119,128,15,6.22667,-2.77199,1.22667,-2.55884
17,17.png,5,-0.21315,0.411765,0.466076,105,119,128,15,6.22667,-2.77199,1.22667,-2.55884
18,18.png,5,-0.19935,0.411765,0.468272,105,119,128,15,6.22667,-2.77199,1.22667,-2.57264
19,19.png,5,-0.2001,0.411765,0.468153,105,119,128,15,6.22667,-2.77199,1.22667,-2.57189
20,20.png,5,-0.1817,0.411765,0.471082,105,120,128,15,6.22667,-2.77199,1.22667,-2.59029
21,21.png,5,-0.1689,0.411765,0.473119,105,121,128,15,6.22667,-2.77199,1.22667,-2.60309
22,22.png,5,-0.16965,0.411765,0.472999,105,121,128,15,6.22667,-2.77199,1.22667,-2.60234
23,23.png,5,-0.14665,0.411765,0.47666,105,122,128,15,6.22667,-2.77199,1.22667,-2.62534
24,24.png,5,-0.1295,0.411765,0.479389,105,122,128,15,6.22667,-2.77199,1.22667,-2.64249
25,25.png,5,-0.1305,0.411765,0.47923,105,122,128,15,6.22667,-2.77199,1.22667,-2.64149
26,26.png,5,-0.1075,0.411765,0.482891,105,123,128,15,6.22667,-2.77199,1.22667,-2.66449
27,27.png,5,-0.09075,0.411765,0.485557,105,124,128,15,6.22667,-2.77199,1.22667,-2.68124
28,28.png,5,-0.092,0.411765,0.485358,105,124,128,15,6.22667,-2.77199,1.22667,-2.67999
29,29.png,5,-0.06775,0.411765,0.489217,105,125,128,15,6.22667,-2.77199,1.22667,-2.70424
30,30.png,5,-0.069,0.411765,0.489018,105,125,128,15,6.22667,-2.77199,1.22667,-2.70299
31,31.png,5,-0.069,0.411765,0.489018,105,125,128,15,6.22667,-2.77199,1.22667,-2.70299
32,32.png,5,-0.04475,0.411765,0.492878,105,126,128,20,6.22667,-2.64879,1.22667,-2.60404
33,33.png,5,-0.046,0.411765,0.492679,105,126,128,20,6.22667,-2.64879,1.22667,-2.60279
34,34.png,5,-0.0266,0.411765,0.495766,105,126,128,20,6.22667,-2.64879,1.22667,-2.62219
35,35.png,5,-0.0276,0.411765,0.495607,105,126,128,20,6.22667,-2.64879,1.22667,-2.62119
36,36.png,5,-0.0082,0.411765,0.498695,105,127,128,20,6.22667,-2.64879,1.22667,-2.64059
37,37.png,5,-0.0092,0.411765,0.498536,105,127,128,20,6.22667,-2.64879,1.22667,-2.63959
38,38.png,5,0.0165,0.411765,0.502626,105,128,128,20,6.22667,-2.64879,1.22667,-2.66529
39,39.png,5,0.015,0.411765,0.502387,105,128,128,20,6.22667,-2.64879,1.22667,-2.66379
40,40.png,5,0.0362,0.411765,0.505761,105,129,128,20,6.22667,-2.64879,1.22667,-2.68499
41,41.png,5,0.035,0.411765,0.50557,105,129,128,20,6.22667,-2.64879,1.22667,-2.68379
42,42.png,5,0.0509,0.411765,0.508101,105,130,128,20,6.22667,-2.64879,1.22667,-2.69969
43,43.png,5,0.05,0.411765,0.507958,105,130,128,20,6.22667,-2.64879,1.22667,-2.69879
44,44.png,5,0.0659,0.411765,0.510488,105,130,128,20,6.22667,-2.64879,1.22667,-2.71469
45,45.png,5,0.065,0.411765,0.510345,105,130,128,20,6.22667,-2.64879,1.22667,-2.71379
46,46.png,5,0.0756,0.411765,0.512032,105,131,128,20,6.22667,-2.64879,1.22667,-2.72439
47,47.png,5,0.075,0.411765,0.511937,105,131,128,20,6.22667,-2.64879,1.22667,-2.72379
48,48.png,5,0.0856,0.411765,0.513624,105,131,128,20,6.22667,-2.64879,1.22667,-2.73439
49,49.png,5,0.085,0.411765,0.513528,105,131,128,20,6.22667,-2.64879,1.22667,-2.73379
50,50.png,5,0.0903,0.411765,0.514372,105,131,128,20,6.22667,-2.64879,1.22667,-2.73909
51,51.png,5,0.09,0.411765,0.514324,105,131,128,20,6.22667,-2.64879,1.22667,-2.73879
52,52.png,5,0.0953,0.411765,0.515167,105,131,128,20,6.22667,-2.64879,1.22667,-2.74409
53,53.png,5,0.095,0.411765,0.51512,105,131,128,20,6.22667,-2.64879,1.22667,-2.74379
54,54.png,5,0.1003,0.411765,0.515963,105,132,128,20,6.22667,-2.64879,1.22667,-2.74909
55,55.png,5,0.1,0.411765,0.515915,105,132,128,20,6.22667,-2.64879,1.22667,-2.74879
56,56.png,5,0.1,0.411765,0.515915,105,132,128,20,6.22667,-2.64879,1.22667,-2.74879
57,57.png,5,0.1,0.411765,0.515915,105,132,128,20,6.22667,-2.64879,1.22667,-2.74879
58,58.png,5,0.1,0.411765,0.515915,105,132,128,20,6.22667,-2.64879,1.22667,-2.74879
59,59.png,5,0.1,0.411765,0.515915,105,132,128,20,6.22667,-2.64879,1.22667,-2.74879
60,60.png,13,0.054,1,0.508594,255,130,128,20,6.22667,-2.64879,-6.77333,-2.70279
61,61.png,13,0.054,1,0.508594,255,130,128,20,6.22667,-2.64879,-6.77333,-2.70279
62,62.png,13,0.05105,1,0.508125,255,130,128,20,6.22667,-2.64879,-6.77333,-2.69984
63,63.png,13,0.0513,1,0.508165,255,130,128,20,6.22667,-2.64879,-6.77333,-2.70009
64,64.png,13,0.0513,1,0.508165,255,130,128,20,6.22667,-2.64879,-6.77333,-2.70009
65,65.png,13,0.0513,1,0.508165,255,130,128,20,6.22667,-2.64879,-6.77333,-2.70009
66,66.png,13,0.07195,1,0.511451,255,130,128,20,6.22667,-2.64879,-6.77333,-2.72074
67,67.png,13,0.0702,1,0.511173,255,130,128,20,6.22667,-2.64879,-6.77333,-2.71899
68,68.png,5,0.1618,0.411765,0.525751,105,134,128,20,6.22667,-2.64879,1.22667,-2.81059
69,69.png,5,0.16,0.411765,0.525465,105,134,128,20,6.22667,-2.64879,1.22667,-2.80879
70,70.png,5,0.1918,0.411765,0.530526,105,135,128,20,6.22667,-2.64879,1.22667,-2.84059
71,71.png,5,0.19,0.411765,0.530239,105,135,128,20,6.22667,-2.64879,1.22667,-2.83879
72,72.png,5,0.2112,0.411765,0.533614,105,136,128,20,6.22667,-2.64879,1.22667,-2.85999
73,73.png,5,0.21,0.411765,0.533423,105,136,128,20,6.22667,-2.64879,1.22667,-2.85879
74,74.png,5,0.1994,0.411765,0.531735,105,136,128,20,6.22667,-2.64879,1.22667,-2.84819
75,75.png,5,0.2,0.411765,0.531831,105,136,128,20,6.22667,-2.64879,1.22667,-2.84879
76,76.png,5,0.1894,0.411765,0.530144,105,135,128,20,6.22667,-2.64879,1.22667,-2.83819
77,77.png,5,0.19,0.411765,0.530239,105,135,128,20,6.22667,-2.64879,1.22667,-2.83879
78,78.png,5,0.1847,0.411765,0.529396,105,135,128,20,6.22667,-2.64879,1.22667,-2.83349
79,79.png,5,0.185,0.411765,0.529444,105,135,128,20,6.22667,-2.64879,1.22667,-2.83379
80,80.png,5,0.1744,0.411765,0.527757,105,135,128,20,6.22667,-2.64879,1.22667,-2.82319
81,81.png,5,0.175,0.411765,0.527852,105,135,128,20,6.22667,-2.64879,1.22667,-2.82379
82,82.png,5,0.1697,0.411765,0.527009,105,134,128,20,6.22667,-2.64879,1.22667,-2.81849
83,83.png,5,0.17,0.411765,0.527056,105,134,128,20,6.22667,-2.64879,1.22667,-2.81879
84,84.png,5,0.1647,0.411765,0.526213,105,134,128,20,6.22667,-2.64879,1.22667,-2.81349
85,85.png,5,0.165,0.411765,0.526261,105,134,128,20,6.22667,-2.64879,1.22667,-2.81379
86,86.png,5,0.1597,0.411765,0.525417,105,134,128,20,6.22667,-2.64879,1.22667,-2.80849
87,87.png,5,0.16,0.411765,0.525465,105,134,128,20,6.22667,-2.64879,1.22667,-2.80879
88,88.png,5,0.1547,0.411765,0.524621,105,134,128,20,6.22667,-2.64879,1.22667,-2.80349
89,89.png,5,0.155,0.411765,0.524669,105,134,128,20,6.22667,-2.64879,1.22667,-2.80379
90,90.png,5,0.155,0.411765,0.524669,105,134,128,20,6.22667,-2.64879,1.22667,-2.80379
91,91.png,5,0.155,0.411765,0.524669,105,134,128,20,6.22667,-2.64879,1.22667,-2.80379
92,92.png,5,0.1497,0.411765,0.523825,105,134,128,20,6.22667,-2.64879,1.22667,-2.79849
93,93.png,5,0.15,0.411765,0.523873,105,134,128,20,6.22667,-2.64879,1.22667,-2.79879
94,94.png,5,0.15,0.411765,0.523873,105,134,128,20,6.22667,-2.64879,1.22667,-2.79879
95,95.png,5,0.15,0.411765,0.523873,105,134,128,20,6.22667,-2.64879,1.22667,-2.79879
96,96.png,5,0.1447,0.411765,0.52303,105,133,128,20,6.22667,-2.64879,1.22667,-2.79349
97,97.png,5,0.145,0.411765,0.523077,105,133,128,20,6.22667,-2.64879,1.22667,-2.79379
98,98.png,5,0.145,0.411765,0.523077,105,133,128,20,6.22667,-2.64879,1.22667,-2.79379
99,99.png,5,0.145,0.411765,0.523077,105,133,128,20,6.22667,-2.64879,1.22667,-2.79379
100,100.png,5,0.1397,0.411765,0.522234,105,133,128,20,6.22667,-2.64879,1.22667,-2.78849
101,101.png,5,0.14,0.411765,0.522282,105,133,128,20,6.22667,-2.64879,1.22667,-2.78879
102,102.png,5,0.14,0.411765,0.522282,105,133,128,20,6.22667,-2.64879,1.22667,-2.78879
103,103.png,5,0.14,0.411765,0.522282,105,133,128,20,6.22667,-2.64879,1.22667,-2.78879
104,104.png,5,0.1347,0.411765,0.521438,105,133,128,20,6.22667,-2.64879,1.22667,-2.78349
105,105.png,5,0.135,0.411765,0.521486,105,133,128,20,6.22667,-2.64879,1.22667,-2.78379
106,106.png,5,0.135,0.411765,0.521486,105,133,128,20,6.22667,-2.64879,1.22667,-2.78379
107,107.png,5,0.135,0.411765,0.521486,105,133,128,20,6.22667,-2.64879,1.22667,-2.78379
108,108.png,5,0.135,0.411765,0.521486,105,133,128,20,6.22667,-2.64879,1.22667,-2.78379
109,109.png,5,0.135,0.411765,0.521486,105,133,128,20,6.22667,-2.64879,1.22667,-2.78379
110,110.png,5,0.1297,0.411765,0.520642,105,133,128,20,6.22667,-2.64879,1.22667,-2.77849
111,111.png,5,0.13,0.411765,0.52069,105,133,128,20,6.22667,-2.64879,1.22667,-2.77879
112,112.png,5,0.13,0.411765,0.52069,105,133,128,20,6.22667,-2.64879,1.22667,-2.77879
113,113.png,5,0.13,0.411765,0.52069,105,133,128,20,6.22667,-2.64879,1.22667,-2.77879
114,114.png,5,0.13,0.411765,0.52069,105,133,128,20,6.22667,-2.64879,1.22667,-2.77879
115,115.png,5,0.13,0.411765,0.52069,105,133,128,20,6.22667,-2.64879,1.22667,-2.77879
116,116.png,5,0.13,0.411765,0.52069,105,133,128,20,6.22667,-2.64879,1.22667,-2.77879
117,117.png,5,0.13,0.411765,0.52069,105,133,128,20,6.22667,-2.64879,1.22667,-2.77879
118,118.png,5,0.1247,0.411765,0.519847,105,133,128,20,6.22667,-2.64879,1.22667,-2.77349
119,119.png,5,0.125,0.411765,0.519894,105,133,128,20,6.22667,-2.64879,1.22667,-2.77379
120,120.png,5,0.125,0.411765,0.519894,105,133,128,20,6.22667,-2.64879,1.22667,-2.77379
121,121.png,5,0.125,0.411765,0.519894,105,133,128,20,6.22667,-2.64879,1.22667,-2.77379
122,122.png,5,0.125,0.411765,0.519894,105,133,128,20,6.22667,-2.64879,1.22667,-2.77379
123,123.png,5,0.125,0.411765,0.519894,105,133,128,20,6.22667,-2.64879,1.22667,-2.77379
124,124.png,5,0.125,0.411765,0.519894,105,133,128,20,6.22667,-2.64879,1.22667,-2.77379
125,125.png,5,0.125,0.411765,0.519894,105,133,128,20,6.22667,-2.64879,1.22667,-2.77379
126,126.png,5,0.125,0.411765,0.519894,105,133,128,20,6.22667,-2.64879,1.22667,-2.77379
127,127.png,5,0.125,0.411765,0.519894,105,133,128,20,6.22667,-2.64879,1.22667,-2.77379
128,128.png,5,0.1197,0.411765,0.519051,105,132,128,20,6.22667,-2.64879,1.22667,-2.76849
129,129.png,5,0.12,0.411765,0.519099,105,132,128,20,6.22667,-2.64879,1.22667,-2.76879
130,130.png,5,0.12,0.411765,0.519099,105,132,128,20,6.22667,-2.64879,1.22667,-2.76879
131,131.png,5,0.12,0.411765,0.519099,105,132,128,20,6.22667,-2.64879,1.22667,-2.76879
132,132.png,5,0.12,0.411765,0.519099,105,132,128,20,6.22667,-2.64879,1.22667,-2.76879
133,133.png,5,0.12,0.411765,0.519099,105,132,128,20,6.22667,-2.64879,1.22667,-2.76879
134,134.png,5,0.12,0.411765,0.519099,105,132,128,20,6.22667,-2.64879,1.22667,-2.76879
135,135.png,5,0.12,0.411765,0.519099,105,132,128,20,6.22667,-2.64879,1.22667,-2.76879
136,136.png,5,0.12,0.411765,0.519099,105,132,128,20,6.22667,-2.64879,1.22667,-2.76879
137,137.png,5,0.12,0.411765,0.519099,105,132,128,20,6.22667,-2.64879,1.22667,-2.76879
138,138.png,5,0.1147,0.411765,0.518255,105,132,128,20,6.22667,-2.64879,1.22667,-2.76349
139,139.png,5,0.115,0.411765,0.518303,105,132,128,20,6.22667,-2.64879,1.22667,-2.76379
140,140.png,5,0.115,0.411765,0.518303,105,132,128,20,6.22667,-2.64879,1.22667,-2.76379
141,141.png,5,0.115,0.411765,0.518303,105,132,128,20,6.22667,-2.64879,1.22667,-2.76379
142,142.png,5,0.115,0.411765,0.518303,105,132,128,20,6.22667,-2.64879,1.22667,-2.76379
143,143.png,5,0.115,0.411765,0.518303,105,132,128,20,6.22667,-2.64879,1.22667,-2.76379
144,144.png,5,0.115,0.411765,0.518303,105,132,128,20,6.22667,-2.64879,1.22667,-2.76379
145,145.png,5,0.115,0.411765,0.518303,105,132,128,20,6.22667,-2.64879,1.22667,-2.76379
146,146.png,5,0.115,0.411765,0.518303,105,132,128,20,6.22667,-2.64879,1.22667,-2.76379
147,147.png,5,0.115,0.411765,0.518303,105,132,128,20,6.22667,-2.64879,1.22667,-2.76379
148,148.png,5,0.115,0.411765,0.518303,105,132,128,20,6.22667,-2.64879,1.22667,-2.76379
149,149.png,5,0.115,0.411765,0.518303,105,132,128,20,6.22667,-2.64879,1.22667,-2.76379
150,150.png,5,0.115,0.411765,0.518303,105,132,128,20,6.22667,-2.64879,1.22667,-2.76379
151,151.png,5,0.115,0.411765,0.518303,105,132,128,20,6.22667,-2.64879,1.22667,-2.76379
152,152.png,5,0.115,0.411765,0.518303,105,132,128,20,6.22667,-2.64879,1.22667,-2.76379
153,153.png,5,0.115,0.411765,0.518303,105,132,128,20,6.22667,-2.64879,1.22667,-2.76379
154,154.png,5,0.1097,0.411765,0.517459,105,132,128,20,6.22667,-2.64879,1.22667,-2.75849
155,155.png,5,0.11,0.411765,0.517507,105,132,128,20,6.22667,-2.64879,1.22667,-2.75879
156,156.png,5,0.11,0.411765,0.517507,105,132,128,20,6.22667,-2.64879,1.22667,-2.75879
157,157.png,5,0.11,0.411765,0.517507,105,132,128,20,6.22667,-2.64879,1.22667,-2.75879
158,158.png,5,0.11,0.411765,0.517507,105,132,128,20,6.22667,-2.64879,1.22667,-2.75879
159,159.png,5,0.11,0.411765,0.517507,105,132,128,20,6.22667,-2.64879,1.22667,-2.75879
160,160.png,5,0.11,0.411765,0.517507,105,132,128,20,6.22667,-2.64879,1.22667,-2.75879
161,161.png,5,0.11,0.411765,0.517507,105,132,128,20,6.22667,-2.64879,1.22667,-2.75879
162,162.png,5,0.11,0.411765,0.517507,105,132,128,20,6.22667,-2.64879,1.22667,-2.75879
163,163.png,5,0.11,0.411765,0.517507,105,132,128,20,6.22667,-2.64879,1.22667,-2.75879
164,164.png,5,0.11,0.411765,0.517507,105,132,128,20,6.22667,-2.64879,1.22667,-2.75879
165,165.png,5,0.11,0.411765,0.517507,105,132,128,20,6.22667,-2.64879,1.22667,-2.75879
166,166.png,5,0.11,0.411765,0.517507,105,132,128,20,6.22667,-2.64879,1.22667,-2.75879
167,167.png,5,0.11,0.411765,0.517507,105,132,128,20,6.22667,-2.64879,1.22667,-2.75879
168,168.png,5,0.11,0.411765,0.517507,105,132,128,20,6.22667,-2.64879,1.22667,-2.75879
169,169.png,5,0.11,0.411765,0.517507,105,132,128,20,6.22667,-2.64879,1.22667,-2.75879
170,170.png,5,0.1047,0.411765,0.516664,105,132,128,20,6.22667,-2.64879,1.22667,-2.75349
171,171.png,5,0.105,0.411765,0.516711,105,132,128,20,6.22667,-2.64879,1.22667,-2.75379
172,172.png,5,0.105,0.411765,0.516711,105,132,128,20,6.22667,-2.64879,1.22667,-2.75379
173,173.png,5,0.105,0.411765,0.516711,105,132,128,20,6.22667,-2.64879,1.22667,-2.75379
174,174.png,5,0.105,0.411765,0.516711,105,132,128,20,6.22667,-2.64879,1.22667,-2.75379
175,175.png,5,0.105,0.411765,0.516711,105,132,128,20,6.22667,-2.64879,1.22667,-2.75379
176,176.png,5,0.105,0.411765,0.516711,105,132,128,20,6.22667,-2.64879,1.22667,-2.75379
177,177.png,5,0.105,0.411765,0.516711,105,132,128,20,6.22667,-2.64879,1.22667,-2.75379
178,178.png,5,0.105,0.411765,0.516711,105,132,128,20,6.22667,-2.64879,1.22667,-2.75379
179,179.png,5,0.105,0.411765,0.516711,105,132,128,20,6.22667,-2.64879,1.22667,-2.75379
180,180.png,5,0.105,0.411765,0.516711,105,132,128,20,6.22667,-2.64879,1.22667,-2.75379
181,181.png,5,0.105,0.411765,0.516711,105,132,128,20,6.22667,-2.64879,1.22667,-2.75379
182,182.png,5,0.105,0.411765,0.516711,105,132,128,20,6.22667,-2.64879,1.22667,-2.75379
183,183.png,5,0.105,0.411765,0.516711,105,132,128,20,6.22667,-2.64879,1.22667,-2.75379
184,184.png,5,0.105,0.411765,0.516711,105,132,128,20,6.22667,-2.64879,1.22667,-2.75379
185,185.png,5,0.105,0.411765,0.516711,105,132,128,20,6.22667,-2.64879,1.22667,-2.75379
186,186.png,5,0.105,0.411765,0.516711,105,132,128,20,6.22667,-2.64879,1.22667,-2.75379
187,187.png,5,0.105,0.411765,0.516711,105,132,128,20,6.22667,-2.64879,1.22667,-2.75379
188,188.png,5,0.105,0.411765,0.516711,105,132,128,20,6.22667,-2.64879,1.22667,-2.75379
189,189.png,5,0.105,0.411765,0.516711,105,132,128,20,6.22667,-2.64879,1.22667,-2.75379
190,190.png,5,0.105,0.411765,0.516711,105,132,128,20,6.22667,-2.64879,1.22667,-2.75379
191,191.png,5,0.0997,0.411765,0.515868,105,132,128,20,6.22667,-2.64879,1.22667,-2.74849
192,192.png,5,0.1,0.411765,0.515915,105,132,128,20,6.22667,-2.64879,1.22667,-2.74879
193,193.png,5,0.1,0.411765,0.515915,105,132,128,20,6.22667,-2.64879,1.22667,-2.74879
194,194.png,5,0.1,0.411765,0.515915,105,132,128,20,6.22667,-2.64879,1.22667,-2.74879
195,195.png,5,0.1,0.411765,0.515915,105,132,128,20,6.22667,-2.64879,1.22667,-2.74879
196,196.png,5,0.1,0.411765,0.515915,105,132,128,20,6.22667,-2.64879,1.22667,-2.74879
197,197.png,5,0.1,0.411765,0.515915,105,132,128,20,6.22667,-2.64879,1.22667,-2.74879
198,198.png,5,0.1,0.411765,0.515915,105,132,128,20,6.22667,-2.64879,1.22667,-2.74879
199,199.png,5,0.1,0.411765,0.515915,105,132,128,20,6.22667,-2.64879,1.22667,-2.74879
200,200.png,5,0.1,0.411765,0.515915,105,132,128,20,6.22667,-2.64879,1.22667,-2.74879
201,201.png,5,0.1,0.411765,0.515915,105,132,128,20,6.22667,-2.64879,1.22667,-2.74879
202,202.png,5,0.1,0.411765,0.515915,105,132,128,20,6.22667,-2.64879,1.22667,-2.74879
203,203.png,5,0.1,0.411765,0.515915,105,132,128,20,6.22667,-2.64879,1.22667,-2.74879
204,204.png,5,0.1,0.411765,0.515915,105,132,128,20,6.22667,-2.64879,1.22667,-2.74879
205,205.png,5,0.1,0.411765,0.515915,105,132,128,20,6.22667,-2.64879,1.22667,-2.74879
206,206.png,5,0.1,0.411765,0.515915,105,132,128,20,6.22667,-2.64879,1.22667,-2.74879
207,207.png,5,0.1,0.411765,0.515915,105,132,128,20,6.22667,-2.64879,1.22667,-2.74879
208,208.png,5,0.1,0.411765,0.515915,105,132,128,20,6.22667,-2.64879,1.22667,-2.74879
209,209.png,5,0.1,0.411765,0.515915,105,132,128,20,6.22667,-2.64879,1.22667,-2.74879
210,210.png,5,0.1,0.411765,0.515915,105,132,128,20,6.22667,-2.64879,1.22667,-2.74879
211,211.png,5,0.1,0.411765,0.515915,105,132,128,20,6.22667,-2.64879,1.22667,-2.74879
212,212.png,5,0.1,0.411765,0.515915,105,132,128,20,6.22667,-2.64879,1.22667,-2.74879
213,213.png,5,0.1,0.411765,0.515915,105,132,128,20,6.22667,-2.64879,1.22667,-2.74879
214,214.png,5,0.1,0.411765,0.515915,105,132,128,20,6.22667,-2.64879,1.22667,-2.74879
215,215.png,5,0.0947,0.411765,0.515072,105,131,128,20,6.22667,-2.64879,1.22667,-2.74349
216,216.png,5,0.095,0.411765,0.51512,105,131,128,20,6.22667,-2.64879,1.22667,-2.74379
217,217.png,5,0.095,0.411765,0.51512,105,131,128,20,6.22667,-2.64879,1.22667,-2.74379
218,218.png,5,0.095,0.411765,0.51512,105,131,128,20,6.22667,-2.64879,1.22667,-2.74379
219,219.png,5,0.095,0.411765,0.51512,105,131,128,20,6.22667,-2.64879,1.22667,-2.74379
220,220.png,5,0.095,0.411765,0.51512,105,131,128,20,6.22667,-2.64879,1.22667,-2.74379
221,221.png,5,0.095,0.411765,0.51512,105,131,128,20,6.22667,-2.64879,1.22667,-2.74379
222,222.png,5,0.095,0.411765,0.51512,105,131,128,20,6.22667,-2.64879,1.22667,-2.74379
223,223.png,5,0.095,0.411765,0.51512,105,131,128,20,6.22667,-2.64879,1.22667,-2.74379
224,224.png,5,0.095,0.411765,0.51512,105,131,128,20,6.22667,-2.64879,1.22667,-2.74379
225,225.png,5,0.095,0.411765,0.51512,105,131,128,20,6.22667,-2.64879,1.22667,-2.74379
226,226.png,5,0.095,0.411765,0.51512,105,131,128,20,6.22667,-2.64879,1.22667,-2.74379
227,227.png,5,0.095,0.411765,0.51512,105,131,128,20,6.22667,-2.64879,1.22667,-2.74379
228,228.png,5,0.095,0.411765,0.51512,105,131,128,20,6.22667,-2.64879,1.22667,-2.74379
229,229.png,5,0.095,0.411765,0.51512,105,131,128,20,6.22667,-2.64879,1.22667,-2.74379
230,230.png,5,0.095,0.411765,0.51512,105,131,128,20,6.22667,-2.64879,1.22667,-2.74379
231,231.png,5,0.095,0.411765,0.51512,105,131,128,20,6.22667,-2.64879,1.22667,-2.74379
232,232.png,5,0.095,0.411765,0.51512,105,131,128,20,6.22667,-2.64879,1.22667,-2.74379
233,233.png,5,0.095,0.411765,0.51512,105,131,128,20,6.22667,-2.64879,1.22667,-2.74379
234,234.png,5,0.0897,0.411765,0.514276,105,131,128,20,6.22667,-2.64879,1.22667,-2.73849
235,235.png,5,0.09,0.411765,0.514324,105,131,128,20,6.22667,-2.64879,1.22667,-2.73879
236,236.png,5,0.09,0.411765,0.514324,105,131,128,20,6.22667,-2.64879,1.22667,-2.73879
237,237.png,5,0.09,0.411765,0.514324,105,131,128,20,6.22667,-2.64879,1.22667,-2.73879
238,238.png,5,0.09,0.411765,0.514324,105,131,128,20,6.22667,-2.64879,1.22667,-2.73879
239,239.png,5,0.09,0.411765,0.514324,105,131,128,20,6.22667,-2.64879,1.22667,-2.73879
240,240.png,5,0.09,0.411765,0.514324,105,131,128,20,6.22667,-2.64879,1.22667,-2.73879
241,241.png,5,0.09,0.411765,0.514324,105,131,128,20,6.22667,-2.64879,1.22667,-2.73879
242,242.png,5,0.09,0.411765,0.514324,105,131,128,20,6.22667,-2.64879,1.22667,-2.73879
243,243.png,5,0.09,0.411765,0.514324,105,131,128,20,6.22667,-2.64879,1.22667,-2.73879
244,244.png,5,0.09,0.411765,0.514324,105,131,128,20,6.22667,-2.64879,1.22667,-2.73879
245,245.png,5,0.09,0.411765,0.514324,105,131,128,20,6.22667,-2.64879,1.22667,-2.73879
246,246.png,5,0.09,0.411765,0.514324,105,131,128,20,6.22667,-2.64879,1.22667,-2.73879
247,247.png,5,0.09,0.411765,0.514324,105,131,128,20,6.22667,-2.64879,1.22667,-2.73879
248,248.png,5,0.09,0.411765,0.514324,105,131,128,20,6.22667,-2.64879,1.22667,-2.73879
249,249.png,5,0.09,0.411765,0.514324,105,131,128,20,6.22667,-2.64879,1.22667,-2.73879
250,250.png,5,0.09,0.411765,0.514324,105,131,128,20,6.22667,-2.64879,1.22667,-2.73879
251,251.png,5,0.09,0.411765,0.514324,105,131,128,20,6.22667,-2.64879,1.22667,-2.73879
252,252.png,5,0.09,0.411765,0.514324,105,131,128,20,6.22667,-2.64879,1.22667,-2.73879
253,253.png,5,0.0847,0.411765,0.51348,105,131,128,20,6.22667,-2.64879,1.22667,-2.73349
254,254.png,5,0.085,0.411765,0.513528,105,131,128,20,6.22667,-2.64879,1.22667,-2.73379
255,255.png,5,0.085,0.411765,0.513528,105,131,128,20,6.22667,-2.64879,1.22667,-2.73379
256,256.png,5,0.085,0.411765,0.513528,105,131,128,20,6.22667,-2.64879,1.22667,-2.73379
257,257.png,5,0.085,0.411765,0.513528,105,131,128,20,6.22667,-2.64879,1.22667,-2.73379
258,258.png,5,0.085,0.411765,0.513528,105,131,128,20,6.22667,-2.64879,1.22667,-2.73379
259,259.png,5,0.085,0.411765,0.513528,105,131,128,20,6.22667,-2.64879,1.22667,-2.73379
260,260.png,5,0.085,0.411765,0.513528,105,131,128,20,6.22667,-2.64879,1.22667,-2.73379
261,261.png,5,0.085,0.411765,0.513528,105,131,128,20,6.22667,-2.64879,1.22667,-2.73379
262,262.png,5,0.085,0.411765,0.513528,105,131,128,20,6.22667,-2.64879,1.22667,-2.73379
263,263.png,5,0.085,0.411765,0.513528,105,131,128,20,6.22667,-2.64879,1.22667,-2.73379
264,264.png,5,0.085,0.411765,0.513528,105,131,128,20,6.22667,-2.64879,1.22667,-2.73379
265,265.png,5,0.085,0.411765,0.513528,105,131,128,20,6.22667,-2.64879,1.22667,-2.73379
266,266.png,5,0.085,0.411765,0.513528,105,131,128,20,6.22667,-2.64879,1.22667,-2.73379
267,267.png,5,0.085,0.411765,0.513528,105,131,128,20,6.22667,-2.64879,1.22667,-2.73379
268,268.png,5,0.085,0.411765,0.513528,105,131,128,20,6.22667,-2.64879,1.22667,-2.73379
269,269.png,5,0.085,0.411765,0.513528,105,131,128,20,6.22667,-2.64879,1.22667,-2.73379
270,270.png,5,0.0797,0.411765,0.512685,105,131,128,20,6.22667,-2.64879,1.22667,-2.72849
271,271.png,5,0.08,0.411765,0.512732,105,131,128,20,6.22667,-2.64879,1.22667,-2.72879
272,272.png,5,0.08,0.411765,0.512732,105,131,128,20,6.22667,-2.64879,1.22667,-2.72879
273,273.png,5,0.08,0.411765,0.512732,105,131,128,20,6.22667,-2.64879,1.22667,-2.72879
274,274.png,5,0.08,0.411765,0.512732,105,131,128,20,6.22667,-2.64879,1.22667,-2.72879
275,275.png,5,0.08,0.411765,0.512732,105,131,128,20,6.22667,-2.64879,1.22667,-2.72879
276,276.png,5,0.08,0.411765,0.512732,105,131,128,20,6.22667,-2.64879,1.22667,-2.72879
277,277.png,5,0.08,0.411765,0.512732,105,131,128,20,6.22667,-2.64879,1.22667,-2.72879
278,278.png,5,0.08,0.411765,0.512732,105,131,128,20,6.22667,-2.64879,1.22667,-2.72879
279,279.png,5,0.08,0.411765,0.512732,105,131,128,20,6.22667,-2.64879,1.22667,-2.72879
280,280.png,5,0.08,0.411765,0.512732,105,131,128,20,6.22667,-2.64879,1.22667,-2.72879
281,281.png,5,0.08,0.411765,0.512732,105,131,128,20,6.22667,-2.64879,1.22667,-2.72879
282,282.png,5,0.08,0.411765,0.512732,105,131,128,20,6.22667,-2.64879,1.22667,-2.72879
283,283.png,5,0.08,0.411765,0.512732,105,131,128,20,6.22667,-2.64879,1.22667,-2.72879
284,284.png,5,0.08,0.411765,0.512732,105,131,128,20,6.22667,-2.64879,1.22667,-2.72879
285,285.png,5,0.0747,0.411765,0.511889,105,131,128,20,6.22667,-2.64879,1.22667,-2.72349
286,286.png,5,0.075,0.411765,0.511937,105,131,128,20,6.22667,-2.64879,1.22667,-2.72379
287,287.png,5,0.075,0.411765,0.511937,105,131,128,20,6.22667,-2.64879,1.22667,-2.72379
288,288.png,5,0.075,0.411765,0.511937,105,131,128,20,6.22667,-2.64879,1.22667,-2.72379
289,289.png,5,0.075,0.411765,0.511937,105,131,128,20,6.22667,-2.64879,1.22667,-2.72379
290,290.png,5,0.075,0.411765,0.511937,105,131,128,20,6.22667,-2.64879,1.22667,-2.72379
291,291.png,5,0.075,0.411765,0.511937,105,131,128,20,6.22667,-2.64879,1.22667,-2.72379
292,292.png,5,0.075,0.411765,0.511937,105,131,128,20,6.22667,-2.64879,1.22667,-2.72379
293,293.png,5,0.075,0.411765,0.511937,105,131,128,20,6.22667,-2.64879,1.22667,-2.72379
294,294.png,5,0.075,0.411765,0.511937,105,131,128,20,6.22667,-2.64879,1.22667,-2.72379
295,295.png,5,0.075,0.411765,0.511937,105,131,128,20,6.22667,-2.64879,1.22667,-2.72379
296,296.png,5,0.075,0.411765,0.511937,105,131,128,20,6.22667,-2.64879,1.22667,-2.72379
297,297.png,5,0.075,0.411765,0.511937,105,131,128,20,6.22667,-2.64879,1.22667,-2.72379
298,298.png,5,0.0697,0.411765,0.511093,105,130,128,20,6.22667,-2.64879,1.22667,-2.71849
299,299.png,5,0.07,0.411765,0.511141,105,130,128,20,6.22667,-2.64879,1.22667,-2.71879
300,300.png,5,0.07,0.411765,0.511141,105,130,128,20,6.22667,-2.64879,1.22667,-2.71879
