frame,image,vnorm_qonnx,wnorm_qonnx,raw0_expected,raw1_expected,hw_input_file
1,1.png,-0.85296005,0.09995626,-128,15,hw_inputs/1.txt
2,2.png,-0.85296005,0.09995626,-128,15,hw_inputs/2.txt
3,3.png,-0.85296005,0.09995626,-128,15,hw_inputs/3.txt
4,4.png,-0.85296005,0.09995626,-128,15,hw_inputs/4.txt
5,5.png,-0.85296005,0.09995626,-128,15,hw_inputs/5.txt
6,6.png,-0.85296005,0.09995626,-128,15,hw_inputs/6.txt
7,7.png,-0.85296005,0.09995626,-128,15,hw_inputs/7.txt
8,8.png,-0.85296005,0.09995626,-128,15,hw_inputs/8.txt
9,9.png,-0.85296005,0.09995626,-128,15,hw_inputs/9.txt
10,10.png,-0.85296005,0.09995626,-128,15,hw_inputs/10.txt
11,11.png,-0.85296005,0.09995626,-128,15,hw_inputs/11.txt
12,12.png,-0.85296005,0.09995626,-128,15,hw_inputs/12.txt
13,13.png,-0.85296005,0.09995626,-128,15,hw_inputs/13.txt
14,14.png,-0.85296005,0.09995626,-128,15,hw_inputs/14.txt
15,15.png,-0.85296005,0.09995626,-128,15,hw_inputs/15.txt
16,16.png,-0.85296005,0.09995626,-128,15,hw_inputs/16.txt
17,17.png,-0.85296005,0.09995626,-128,15,hw_inputs/17.txt
18,18.png,-0.85296005,0.09995626,-128,15,hw_inputs/18.txt
19,19.png,-0.85296005,0.09995626,-128,15,hw_inputs/19.txt
20,20.png,-0.85296005,0.09995626,-128,15,hw_inputs/20.txt
21,21.png,-0.85296005,0.09995626,-128,15,hw_inputs/21.txt
22,22.png,-0.85296005,0.09995626,-128,15,hw_inputs/22.txt
23,23.png,-0.85296005,0.09995626,-128,15,hw_inputs/23.txt
24,24.png,-0.85296005,0.09995626,-128,15,hw_inputs/24.txt
25,25.png,-0.85296005,0.09995626,-128,15,hw_inputs/25.txt
26,26.png,-0.85296005,0.09995626,-128,15,hw_inputs/26.txt
27,27.png,-0.85296005,0.09995626,-128,15,hw_inputs/27.txt
28,28.png,-0.85296005,0.09995626,-128,15,hw_inputs/28.txt
29,29.png,-0.85296005,0.09995626,-128,15,hw_inputs/29.txt
30,30.png,-0.85296005,0.09995626,-128,15,hw_inputs/30.txt
31,31.png,-0.85296005,0.09995626,-128,15,hw_inputs/31.txt
32,32.png,-0.85296005,0.13327500,-128,20,hw_inputs/32.txt
33,33.png,-0.85296005,0.13327500,-128,20,hw_inputs/33.txt
34,34.png,-0.85296005,0.13327500,-128,20,hw_inputs/34.txt
35,35.png,-0.85296005,0.13327500,-128,20,hw_inputs/35.txt
36,36.png,-0.85296005,0.13327500,-128,20,hw_inputs/36.txt
37,37.png,-0.85296005,0.13327500,-128,20,hw_inputs/37.txt
38,38.png,-0.85296005,0.13327500,-128,20,hw_inputs/38.txt
39,39.png,-0.85296005,0.13327500,-128,20,hw_inputs/39.txt
40,40.png,-0.85296005,0.13327500,-128,20,hw_inputs/40.txt
41,41.png,-0.85296005,0.13327500,-128,20,hw_inputs/41.txt
42,42.png,-0.85296005,0.13327500,-128,20,hw_inputs/42.txt
43,43.png,-0.85296005,0.13327500,-128,20,hw_inputs/43.txt
44,44.png,-0.85296005,0.13327500,-128,20,hw_inputs/44.txt
45,45.png,-0.85296005,0.13327500,-128,20,hw_inputs/45.txt
46,46.png,-0.85296005,0.13327500,-128,20,hw_inputs/46.txt
47,47.png,-0.85296005,0.13327500,-128,20,hw_inputs/47.txt
48,48.png,-0.85296005,0.13327500,-128,20,hw_inputs/48.txt
49,49.png,-0.85296005,0.13327500,-128,20,hw_inputs/49.txt
50,50.png,-0.85296005,0.13327500,-128,20,hw_inputs/50.txt
51,51.png,-0.85296005,0.13327500,-128,20,hw_inputs/51.txt
52,52.png,-0.85296005,0.13327500,-128,20,hw_inputs/52.txt
53,53.png,-0.85296005,0.13327500,-128,20,hw_inputs/53.txt
54,54.png,-0.85296005,0.13327500,-128,20,hw_inputs/54.txt
55,55.png,-0.85296005,0.13327500,-128,20,hw_inputs/55.txt
56,56.png,-0.85296005,0.13327500,-128,20,hw_inputs/56.txt
57,57.png,-0.85296005,0.13327500,-128,20,hw_inputs/57.txt
58,58.png,-0.85296005,0.13327500,-128,20,hw_inputs/58.txt
59,59.png,-0.85296005,0.13327500,-128,20,hw_inputs/59.txt
60,60.png,-0.85296005,0.13327500,-128,20,hw_inputs/60.txt
61,61.png,-0.85296005,0.13327500,-128,20,hw_inputs/61.txt
62,62.png,-0.85296005,0.13327500,-128,20,hw_inputs/62.txt
63,63.png,-0.85296005,0.13327500,-128,20,hw_inputs/63.txt
64,64.png,-0.85296005,0.13327500,-128,20,hw_inputs/64.txt
65,65.png,-0.85296005,0.13327500,-128,20,hw_inputs/65.txt
66,66.png,-0.85296005,0.13327500,-128,20,hw_inputs/66.txt
67,67.png,-0.85296005,0.13327500,-128,20,hw_inputs/67.txt
68,68.png,-0.85296005,0.13327500,-128,20,hw_inputs/68.txt
69,69.png,-0.85296005,0.13327500,-128,20,hw_inputs/69.txt
70,70.png,-0.85296005,0.13327500,-128,20,hw_inputs/70.txt
71,71.png,-0.85296005,0.13327500,-128,20,hw_inputs/71.txt
72,72.png,-0.85296005,0.13327500,-128,20,hw_inputs/72.txt
73,73.png,-0.85296005,0.13327500,-128,20,hw_inputs/73.txt
74,74.png,-0.85296005,0.13327500,-128,20,hw_inputs/74.txt
75,75.png,-0.85296005,0.13327500,-128,20,hw_inputs/75.txt
