frame,csv_v,csv_w,raw0,raw1,raw2,v_raw0,w_raw1,output_flat
0,5.0,-0.2254,97,111,0,4.573333333333333,-0.4065590492880906,"[0.38225606083869934, 0.43575969338417053]"
1,5.0,-0.21314999999999998,97,111,0,4.573333333333333,-0.4065590492880906,"[0.38225606083869934, 0.43575969338417053]"
2,5.0,-0.21314999999999998,97,111,0,4.573333333333333,-0.4065590492880906,"[0.38225606083869934, 0.43575969338417053]"
3,5.0,-0.21314999999999998,97,111,0,4.573333333333333,-0.4065590492880906,"[0.38225606083869934, 0.43575969338417053]"
4,5.0,-0.21314999999999998,97,111,0,4.573333333333333,-0.4065590492880906,"[0.38225606083869934, 0.43575969338417053]"
5,5.0,-0.21314999999999998,97,111,0,4.573333333333333,-0.4065590492880906,"[0.38225606083869934, 0.43575969338417053]"
6,5.0,-0.21314999999999998,97,111,0,4.573333333333333,-0.4065590492880906,"[0.38225606083869934, 0.43575969338417053]"
7,5.0,-0.21314999999999998,97,111,0,4.573333333333333,-0.4065590492880906,"[0.38225606083869934, 0.43575969338417053]"
8,5.0,-0.21314999999999998,97,111,0,4.573333333333333,-0.4065590492880906,"[0.38225606083869934, 0.43575969338417053]"
9,5.0,-0.21314999999999998,97,111,0,4.573333333333333,-0.4065590492880906,"[0.38225606083869934, 0.43575969338417053]"
10,5.0,-0.21314999999999998,97,111,0,4.573333333333333,-0.4065590492880906,"[0.38225606083869934, 0.43575969338417053]"
11,5.0,-0.21314999999999998,97,111,0,4.573333333333333,-0.4065590492880906,"[0.38225606083869934, 0.43575969338417053]"
12,5.0,-0.21314999999999998,97,111,0,4.573333333333333,-0.4065590492880906,"[0.38225606083869934, 0.43575969338417053]"
13,5.0,-0.21314999999999998,97,111,0,4.573333333333333,-0.4065590492880906,"[0.38225606083869934, 0.43575969338417053]"
14,5.0,-0.21314999999999998,97,111,0,4.573333333333333,-0.4065590492880906,"[0.38225606083869934, 0.43575969338417053]"
15,5.0,-0.21314999999999998,97,111,0,4.573333333333333,-0.4065590492880906,"[0.38225606083869934, 0.43575969338417053]"
16,5.0,-0.21314999999999998,97,111,0,4.573333333333333,-0.4065590492880906,"[0.38225606083869934, 0.43575969338417053]"
17,5.0,-0.19935,98,111,0,4.626666666666667,-0.4065590492880906,"[0.382710725069046, 0.4360627830028534]"
18,5.0,-0.2001,98,111,0,4.626666666666667,-0.4065590492880906,"[0.382710725069046, 0.4360627830028534]"
19,5.0,-0.18169999999999997,98,116,0,4.626666666666667,-0.2833593373826089,"[0.38286224007606506, 0.4551604688167572]"
20,5.0,-0.1689,97,117,0,4.573333333333333,-0.25871939500151253,"[0.38195285201072693, 0.4601622521877289]"
21,5.0,-0.16965,97,117,0,4.573333333333333,-0.25871939500151253,"[0.38195285201072693, 0.4601622521877289]"
22,5.0,-0.14664999999999997,97,118,0,4.573333333333333,-0.23407945262041574,"[0.3816496729850769, 0.46364834904670715]"
23,5.0,-0.1295,98,119,0,4.626666666666667,-0.2094395102393194,"[0.3831654191017151, 0.46501249074935913]"
24,5.0,-0.1305,98,119,0,4.626666666666667,-0.2094395102393194,"[0.3831654191017151, 0.46501249074935913]"
25,5.0,-0.10749999999999998,98,121,0,4.626666666666667,-0.1601596254771267,"[0.3833169639110565, 0.4748644530773163]"
26,5.0,-0.09075,98,123,0,4.626666666666667,-0.110879740714934,"[0.3836200535297394, 0.4812302887439728]"
27,5.0,-0.092,98,123,0,4.626666666666667,-0.110879740714934,"[0.3836200535297394, 0.4812302887439728]"
28,5.0,-0.06775,98,123,0,4.626666666666667,-0.110879740714934,"[0.38483256101608276, 0.48168495297431946]"
29,5.0,-0.069,98,123,0,4.626666666666667,-0.110879740714934,"[0.38483256101608276, 0.48168495297431946]"
30,5.0,-0.069,98,123,0,4.626666666666667,-0.110879740714934,"[0.38483256101608276, 0.48168495297431946]"
31,5.0,-0.04475,98,125,0,4.626666666666667,-0.06159985595274131,"[0.38362014293670654, 0.4892633259296417]"
32,5.0,-0.046,98,125,0,4.626666666666667,-0.06159985595274131,"[0.38362014293670654, 0.4892633259296417]"
33,5.0,-0.0266,98,125,0,4.626666666666667,-0.06159985595274131,"[0.3843778669834137, 0.48865702748298645]"
34,5.0,-0.0276,98,125,0,4.626666666666667,-0.06159985595274131,"[0.3843778669834137, 0.48865702748298645]"
35,5.0,-0.008199999999999999,98,128,0,4.626666666666667,0.012319971190548173,"[0.38559049367904663, 0.5035108327865601]"
36,5.0,-0.0092,98,128,0,4.626666666666667,0.012319971190548173,"[0.38559049367904663, 0.5035108327865601]"
37,5.0,0.0165,98,129,0,4.626666666666667,0.03695991357164452,"[0.3848326504230499, 0.5073000192642212]"
38,5.0,0.015,98,129,0,4.626666666666667,0.03695991357164452,"[0.3848326504230499, 0.5073000192642212]"
39,5.0,0.0362,98,128,0,4.626666666666667,0.012319971190548173,"[0.3852873146533966, 0.5033592581748962]"
40,5.0,0.035,98,128,0,4.626666666666667,0.012319971190548173,"[0.3852873146533966, 0.5033592581748962]"
41,5.0,0.0509,98,131,0,4.626666666666667,0.08623979833383721,"[0.3858936131000519, 0.5133627653121948]"
42,5.0,0.05,98,131,0,4.626666666666667,0.08623979833383721,"[0.3858936131000519, 0.5133627653121948]"
43,5.0,0.0659,99,131,0,4.680000000000001,0.08623979833383721,"[0.3869546055793762, 0.5118470788002014]"
44,5.0,0.065,99,131,0,4.680000000000001,0.08623979833383721,"[0.3869546055793762, 0.5118470788002014]"
45,5.0,0.0756,99,133,0,4.680000000000001,0.13551968309603035,"[0.38665151596069336, 0.5216990113258362]"
46,5.0,0.075,99,133,0,4.680000000000001,0.13551968309603035,"[0.38665151596069336, 0.5216990113258362]"
47,5.0,0.08560000000000001,99,133,0,4.680000000000001,0.13551968309603035,"[0.38665151596069336, 0.5233663320541382]"
48,5.0,0.085,99,133,0,4.680000000000001,0.13551968309603035,"[0.38665151596069336, 0.5233663320541382]"
49,5.0,0.09029999999999999,99,132,0,4.680000000000001,0.110879740714934,"[0.38634833693504333, 0.5173035860061646]"
50,5.0,0.09,99,132,0,4.680000000000001,0.110879740714934,"[0.38634833693504333, 0.5173035860061646]"
51,5.0,0.0953,99,134,0,4.680000000000001,0.1601596254771267,"[0.38801562786102295, 0.5247304439544678]"
52,5.0,0.095,99,134,0,4.680000000000001,0.1601596254771267,"[0.38801562786102295, 0.5247304439544678]"
53,5.0,0.1003,99,134,0,4.680000000000001,0.1601596254771267,"[0.3877124488353729, 0.5248820781707764]"
54,5.0,0.1,99,134,0,4.680000000000001,0.1601596254771267,"[0.3877124488353729, 0.5248820781707764]"
55,5.0,0.1,99,134,0,4.680000000000001,0.1601596254771267,"[0.38786402344703674, 0.525185227394104]"
56,5.0,0.1,99,134,0,4.680000000000001,0.1601596254771267,"[0.38786402344703674, 0.525185227394104]"
57,5.0,0.1,99,134,0,4.680000000000001,0.1601596254771267,"[0.3880155682563782, 0.5244273543357849]"
58,5.0,0.1,99,134,0,4.680000000000001,0.1601596254771267,"[0.3880155682563782, 0.5244273543357849]"
59,13.0,0.054000000000000006,99,134,0,4.680000000000001,0.1601596254771267,"[0.3877124786376953, 0.526246190071106]"
60,13.0,0.054000000000000006,99,134,0,4.680000000000001,0.1601596254771267,"[0.3877124786376953, 0.526246190071106]"
61,13.0,0.051050000000000005,99,133,0,4.680000000000001,0.13551968309603035,"[0.38801562786102295, 0.5207897424697876]"
62,13.0,0.051300000000000005,99,133,0,4.680000000000001,0.13551968309603035,"[0.38801562786102295, 0.5207897424697876]"
63,13.0,0.051300000000000005,99,133,0,4.680000000000001,0.13551968309603035,"[0.38801562786102295, 0.522153913974762]"
64,13.0,0.051300000000000005,99,133,0,4.680000000000001,0.13551968309603035,"[0.38801562786102295, 0.522153913974762]"
65,13.0,0.07195,99,137,0,4.680000000000001,0.23407945262041574,"[0.38862186670303345, 0.5389779806137085]"
66,13.0,0.0702,99,137,0,4.680000000000001,0.23407945262041574,"[0.38862186670303345, 0.5389779806137085]"
67,5.0,0.1618,99,138,0,4.680000000000001,0.2587193950015121,"[0.3883187472820282, 0.5409483313560486]"
68,5.0,0.16,99,138,0,4.680000000000001,0.2587193950015121,"[0.3883187472820282, 0.5409483313560486]"
69,5.0,0.1918,99,138,0,4.680000000000001,0.2587193950015121,"[0.3877124488353729, 0.5415544509887695]"
70,5.0,0.19,99,138,0,4.680000000000001,0.2587193950015121,"[0.3877124488353729, 0.5415544509887695]"
71,5.0,0.2112,99,139,0,4.680000000000001,0.28335933738260843,"[0.3874092996120453, 0.5444343090057373]"
72,5.0,0.21,99,139,0,4.680000000000001,0.28335933738260843,"[0.3874092996120453, 0.5444343090057373]"
73,5.0,0.19940000000000002,99,138,0,4.680000000000001,0.2587193950015121,"[0.3880155682563782, 0.542009174823761]"
74,5.0,0.2,99,138,0,4.680000000000001,0.2587193950015121,"[0.3880155682563782, 0.542009174823761]"
75,5.0,0.1894,99,139,0,4.680000000000001,0.28335933738260843,"[0.38710618019104004, 0.5456468462944031]"
76,5.0,0.19,99,139,0,4.680000000000001,0.28335933738260843,"[0.38710618019104004, 0.5456468462944031]"
77,5.0,0.1847,98,138,0,4.626666666666667,0.2587193950015121,"[0.3860451877117157, 0.5395840406417847]"
78,5.0,0.185,98,138,0,4.626666666666667,0.2587193950015121,"[0.3860451877117157, 0.5395840406417847]"
79,5.0,0.17440000000000003,99,138,0,4.680000000000001,0.2587193950015121,"[0.38816720247268677, 0.5414029955863953]"
